{
  "split": "test",
  "samples": 4325,
  "score_rule": {
    "distance <= p50": "90~100점",
    "p50 < distance <= p90": "70~90점",
    "p90 < distance <= p95": "50~70점",
    "distance > p95": "0~50점"
  },
  "score_summary": {
    "mean": 82.26640319824219,
    "std": 14.776274681091309,
    "min": 0.0,
    "p50": 89.70308685302734,
    "p90": 92.13201904296875,
    "p95": 92.61468505859375,
    "max": 94.71916198730469
  },
  "distance_summary": {
    "mean": 0.3103148937225342,
    "std": 0.08000503480434418,
    "min": 0.14093731343746185,
    "p50": 0.2955734431743622,
    "p90": 0.41916802525520325,
    "p95": 0.46659401059150696,
    "max": 0.6756570339202881
  },
  "per_class": {
    "기본준비": {
      "samples": 359,
      "score": {
        "mean": 84.39313507080078,
        "std": 11.799253463745117,
        "min": 13.960163116455078,
        "p50": 89.15509796142578,
        "p90": 91.65567016601562,
        "p95": 91.89068603515625,
        "max": 92.84771728515625
      },
      "distance": {
        "mean": 0.24578793346881866,
        "std": 0.05615237355232239,
        "min": 0.1610526591539383,
        "p50": 0.23059357702732086,
        "p90": 0.34279099106788635,
        "p95": 0.3695548176765442,
        "max": 0.44667014479637146
      }
    },
    "앞굽이하고 아래막고 지르기": {
      "samples": 559,
      "score": {
        "mean": 83.74472045898438,
        "std": 12.190608024597168,
        "min": 16.988706588745117,
        "p50": 89.51615905761719,
        "p90": 92.68856048583984,
        "p95": 92.97675323486328,
        "max": 93.85797882080078
      },
      "distance": {
        "mean": 0.328895628452301,
        "std": 0.06222538277506828,
        "min": 0.2044941782951355,
        "p50": 0.3348895311355591,
        "p90": 0.4124659597873688,
        "p95": 0.4234032928943634,
        "max": 0.5093365907669067
      }
    },
    "앞굽이하고 아래막기": {
      "samples": 240,
      "score": {
        "mean": 80.7824935913086,
        "std": 15.543107032775879,
        "min": 15.709033966064453,
        "p50": 89.44384765625,
        "p90": 92.44967651367188,
        "p95": 93.07242584228516,
        "max": 94.0327377319336
      },
      "distance": {
        "mean": 0.325086772441864,
        "std": 0.06355497241020203,
        "min": 0.19306117296218872,
        "p50": 0.32535457611083984,
        "p90": 0.4046306908130646,
        "p95": 0.4220139682292938,
        "max": 0.4854063093662262
      }
    },
    "앞굽이하고 지르기": {
      "samples": 160,
      "score": {
        "mean": 80.30082702636719,
        "std": 14.37614917755127,
        "min": 26.114309310913086,
        "p50": 86.86990356445312,
        "p90": 91.8999252319336,
        "p95": 92.50326538085938,
        "max": 93.71863555908203
      },
      "distance": {
        "mean": 0.33965596556663513,
        "std": 0.055746037513017654,
        "min": 0.20569215714931488,
        "p50": 0.3389132618904114,
        "p90": 0.41010117530822754,
        "p95": 0.4172056317329407,
        "max": 0.46148499846458435
      }
    },
    "앞서고 아래막기": {
      "samples": 495,
      "score": {
        "mean": 81.65013885498047,
        "std": 13.861045837402344,
        "min": 26.87047004699707,
        "p50": 88.19561004638672,
        "p90": 91.57701110839844,
        "p95": 91.92762756347656,
        "max": 93.33872985839844
      },
      "distance": {
        "mean": 0.2669913172721863,
        "std": 0.04277797415852547,
        "min": 0.17109179496765137,
        "p50": 0.2620699107646942,
        "p90": 0.3291434347629547,
        "p95": 0.3461740016937256,
        "max": 0.39395973086357117
      }
    },
    "앞서고 안막기": {
      "samples": 560,
      "score": {
        "mean": 84.51404571533203,
        "std": 12.357613563537598,
        "min": 18.92059898376465,
        "p50": 90.24153900146484,
        "p90": 92.28727722167969,
        "p95": 92.61331176757812,
        "max": 93.77759552001953
      },
      "distance": {
        "mean": 0.3082786500453949,
        "std": 0.04755016416311264,
        "min": 0.19629114866256714,
        "p50": 0.3078390955924988,
        "p90": 0.3694642186164856,
        "p95": 0.388043612241745,
        "max": 0.46695244312286377
      }
    },
    "앞서고 얼굴막기": {
      "samples": 536,
      "score": {
        "mean": 86.30428314208984,
        "std": 10.582947731018066,
        "min": 28.83894157409668,
        "p50": 90.7078857421875,
        "p90": 92.00839233398438,
        "p95": 92.45723724365234,
        "max": 93.2990951538086
      },
      "distance": {
        "mean": 0.2981128394603729,
        "std": 0.04389089718461037,
        "min": 0.20922821760177612,
        "p50": 0.29013592004776,
        "p90": 0.3619881570339203,
        "p95": 0.38451308012008667,
        "max": 0.4578496515750885
      }
    },
    "앞서고 지르기": {
      "samples": 976,
      "score": {
        "mean": 80.77304077148438,
        "std": 16.448408126831055,
        "min": 0.0,
        "p50": 88.02581024169922,
        "p90": 92.2304916381836,
        "p95": 92.81596374511719,
        "max": 94.71916198730469
      },
      "distance": {
        "mean": 0.2746058702468872,
        "std": 0.05477844923734665,
        "min": 0.14093731343746185,
        "p50": 0.2731209397315979,
        "p90": 0.34546148777008057,
        "p95": 0.3707602620124817,
        "max": 0.4658302664756775
      }
    },
    "앞차고 앞서고 지르기": {
      "samples": 440,
      "score": {
        "mean": 76.4034423828125,
        "std": 20.363204956054688,
        "min": 0.0,
        "p50": 85.41436767578125,
        "p90": 91.72149658203125,
        "p95": 92.24129486083984,
        "max": 93.22099304199219
      },
      "distance": {
        "mean": 0.4660342037677765,
        "std": 0.06715413182973862,
        "min": 0.3030533492565155,
        "p50": 0.4628850221633911,
        "p90": 0.555839478969574,
        "p95": 0.5781188011169434,
        "max": 0.6756570339202881
      }
    }
  },
  "outputs": {
    "score_report": "reports/taegeuk1_similarity_score_report.json",
    "score_results": "reports/taegeuk1_similarity_score_results.json"
  }
}