{
  "dataset": "data/processed/taegeuk1_sequences.npz",
  "source_split": "train",
  "prototype_shape": [
    9,
    3,
    60,
    29
  ],
  "distance_channels": [
    "x",
    "y"
  ],
  "note": "Prototype distance is calculated with normalized x/y coordinates only. Visibility is stored but not used for distance.",
  "per_class": {
    "기본준비": {
      "class_index": 0,
      "samples": 1364,
      "distance_to_prototype": {
        "mean": 0.24794162809848785,
        "std": 0.06205622851848602,
        "min": 0.1604362279176712,
        "p50": 0.22517654299736023,
        "p75": 0.2725701332092285,
        "p90": 0.3534047603607178,
        "p95": 0.3798595368862152,
        "max": 0.4725494682788849
      }
    },
    "앞굽이하고 아래막고 지르기": {
      "class_index": 1,
      "samples": 1514,
      "distance_to_prototype": {
        "mean": 0.33118414878845215,
        "std": 0.06257577240467072,
        "min": 0.1848144233226776,
        "p50": 0.33294278383255005,
        "p75": 0.3766445517539978,
        "p90": 0.41341325640678406,
        "p95": 0.4314054548740387,
        "max": 0.5494425296783447
      }
    },
    "앞굽이하고 아래막기": {
      "class_index": 2,
      "samples": 506,
      "distance_to_prototype": {
        "mean": 0.31767213344573975,
        "std": 0.061864499002695084,
        "min": 0.18820913136005402,
        "p50": 0.3235340118408203,
        "p75": 0.36193186044692993,
        "p90": 0.3890042304992676,
        "p95": 0.4173816442489624,
        "max": 0.5165690779685974
      }
    },
    "앞굽이하고 지르기": {
      "class_index": 3,
      "samples": 717,
      "distance_to_prototype": {
        "mean": 0.32259199023246765,
        "std": 0.06143167242407799,
        "min": 0.18689830601215363,
        "p50": 0.32746413350105286,
        "p75": 0.36357492208480835,
        "p90": 0.4006192088127136,
        "p95": 0.4172251224517822,
        "max": 0.5098744630813599
      }
    },
    "앞서고 아래막기": {
      "class_index": 4,
      "samples": 1732,
      "distance_to_prototype": {
        "mean": 0.2627982199192047,
        "std": 0.0404495932161808,
        "min": 0.16790945827960968,
        "p50": 0.25684571266174316,
        "p75": 0.2825545370578766,
        "p90": 0.31475117802619934,
        "p95": 0.3426890969276428,
        "max": 0.45352280139923096
      }
    },
    "앞서고 안막기": {
      "class_index": 5,
      "samples": 1513,
      "distance_to_prototype": {
        "mean": 0.31787341833114624,
        "std": 0.04415495693683624,
        "min": 0.20676575601100922,
        "p50": 0.31545859575271606,
        "p75": 0.3419415056705475,
        "p90": 0.3744969069957733,
        "p95": 0.39291679859161377,
        "max": 0.5120240449905396
      }
    },
    "앞서고 얼굴막기": {
      "class_index": 6,
      "samples": 1458,
      "distance_to_prototype": {
        "mean": 0.314527690410614,
        "std": 0.04644102230668068,
        "min": 0.19835007190704346,
        "p50": 0.31223875284194946,
        "p75": 0.3406659960746765,
        "p90": 0.3732047379016876,
        "p95": 0.39802974462509155,
        "max": 0.539374053478241
      }
    },
    "앞서고 지르기": {
      "class_index": 7,
      "samples": 3280,
      "distance_to_prototype": {
        "mean": 0.2709707021713257,
        "std": 0.04624040424823761,
        "min": 0.16199246048927307,
        "p50": 0.26688429713249207,
        "p75": 0.30008143186569214,
        "p90": 0.3300662636756897,
        "p95": 0.354348748922348,
        "max": 0.46543994545936584
      }
    },
    "앞차고 앞서고 지르기": {
      "class_index": 8,
      "samples": 1264,
      "distance_to_prototype": {
        "mean": 0.442143052816391,
        "std": 0.06098411604762077,
        "min": 0.2511829733848572,
        "p50": 0.44704681634902954,
        "p75": 0.4795876145362854,
        "p90": 0.516124427318573,
        "p95": 0.5407889485359192,
        "max": 0.6428576111793518
      }
    }
  },
  "nearest_prototype_eval": {
    "test": {
      "samples": 4325,
      "nearest_prototype_accuracy": 0.6182658959537572
    },
    "train": {
      "samples": 13348,
      "nearest_prototype_accuracy": 0.5937968234941564
    },
    "valid": {
      "samples": 3429,
      "nearest_prototype_accuracy": 0.6532516768737241
    }
  },
  "outputs": {
    "prototype_file": "models/prototypes/taegeuk1_prototypes.npz",
    "summary_file": "models/prototypes/taegeuk1_prototype_stats.json"
  }
}