{
  "samples": 4325,
  "body_parts": {
    "머리": [
      "코",
      "왼쪽 눈",
      "오른쪽 눈",
      "왼쪽 귀",
      "오른쪽 귀",
      "목"
    ],
    "팔": [
      "왼쪽 어깨",
      "오른쪽 어깨",
      "왼쪽 팔꿈치",
      "오른쪽 팔꿈치",
      "왼쪽 손목",
      "오른쪽 손목",
      "왼쪽 엄지 손가락",
      "오른쪽 엄지 손가락",
      "왼쪽 중지 손가락",
      "오른쪽 중지 손가락"
    ],
    "몸통": [
      "목",
      "왼쪽 어깨",
      "오른쪽 어깨",
      "왼쪽 엉덩이",
      "오른쪽 엉덩이",
      "가운데 엉덩이"
    ],
    "다리": [
      "왼쪽 엉덩이",
      "오른쪽 엉덩이",
      "왼쪽 무릎",
      "오른쪽 무릎",
      "왼쪽 발목",
      "오른쪽 발목",
      "왼쪽 뒷꿈치",
      "오른쪽 뒷꿈치",
      "왼쪽 엄지 발가락",
      "오른쪽 엄지 발가락",
      "왼쪽 새끼 발가락",
      "오른쪽 새끼 발가락"
    ]
  },
  "score_rule": "Each body-part score is calculated from body-part mean error against the p90 reference error of the same body part.",
  "part_reference_error_p90": {
    "머리": 0.19187301397323608,
    "팔": 0.39802786707878113,
    "몸통": 0.14344081282615662,
    "다리": 0.48606982827186584
  },
  "body_part_score_summary": {
    "머리": {
      "mean": 76.53330993652344,
      "std": 8.182523727416992,
      "min": 37.601593017578125,
      "p50": 78.9544906616211,
      "p90": 84.34870910644531,
      "max": 89.20549774169922
    },
    "팔": {
      "mean": 72.43782043457031,
      "std": 5.423171043395996,
      "min": 53.47509002685547,
      "p50": 73.03719329833984,
      "p90": 79.11437225341797,
      "max": 87.35621643066406
    },
    "몸통": {
      "mean": 72.81786346435547,
      "std": 6.312339782714844,
      "min": 53.59530258178711,
      "p50": 72.41337585449219,
      "p90": 81.72191619873047,
      "max": 90.4449462890625
    },
    "다리": {
      "mean": 77.81480407714844,
      "std": 9.094513893127441,
      "min": 36.33488464355469,
      "p50": 80.51400756835938,
      "p90": 86.73260498046875,
      "max": 91.6075210571289
    }
  },
  "weakest_body_part_counts": {
    "머리": 644,
    "팔": 1455,
    "몸통": 1570,
    "다리": 656
  },
  "outputs": {
    "summary": "reports/taegeuk1_body_part_report_summary.json",
    "results": "reports/taegeuk1_body_part_report_results.json"
  }
}