{
  "기본준비": {
    "min": 501.5869718445495,
    "p10": 2219.700630636408,
    "p25": 2831.1949175271093,
    "p50": 3469.6442975549917,
    "p75": 4266.31000591701,
    "p90": 4922.553857848449,
    "max": 8155.409221200861
  },
  "앞굽이하고 아래막고 지르기": {
    "min": 2261.4448964067324,
    "p10": 3587.0623973916295,
    "p25": 3989.3765362495396,
    "p50": 4560.094008379359,
    "p75": 5544.9902815172945,
    "p90": 6646.733148482524,
    "max": 8542.842548715314
  },
  "앞굽이하고 아래막기": {
    "min": 1075.739582653744,
    "p10": 3242.3348466488146,
    "p25": 4166.511480198246,
    "p50": 5038.295016201597,
    "p75": 5671.956719247154,
    "p90": 6407.4487003142285,
    "max": 9020.622387584239
  },
  "앞굽이하고 지르기": {
    "min": 2540.875396590561,
    "p10": 3961.646038352352,
    "p25": 4413.245984301639,
    "p50": 4900.75067104257,
    "p75": 5627.9148265332615,
    "p90": 6748.570070374065,
    "max": 7998.644452363805
  },
  "앞서고 아래막기": {
    "min": 1338.4739346952833,
    "p10": 2566.847066341837,
    "p25": 3479.4215244987217,
    "p50": 4289.303067895487,
    "p75": 5034.003925671837,
    "p90": 6000.596548501564,
    "max": 8947.069725981139
  },
  "앞서고 안막기": {
    "min": 1310.7663690877002,
    "p10": 1976.65487801891,
    "p25": 2764.2665164920636,
    "p50": 4503.675940912397,
    "p75": 5622.551238286813,
    "p90": 6529.521582909686,
    "max": 9450.975258450902
  },
  "앞서고 얼굴막기": {
    "min": 2170.516747417059,
    "p10": 3994.990277764533,
    "p25": 4563.1644123924025,
    "p50": 5629.570110986153,
    "p75": 6890.916133492365,
    "p90": 7597.265825129494,
    "max": 9426.177897620304
  },
  "앞서고 지르기": {
    "min": 880.9800291951289,
    "p10": 3006.3924980604947,
    "p25": 3674.3518063735755,
    "p50": 4262.79585306152,
    "p75": 4892.138560610774,
    "p90": 5445.453775291801,
    "max": 8133.760325249383
  },
  "앞차고 앞서고 지르기": {
    "min": 1685.3504896451363,
    "p10": 4083.1801206539267,
    "p25": 4911.151395157283,
    "p50": 5916.558189746857,
    "p75": 6831.316424764657,
    "p90": 7648.649872444337,
    "max": 9756.614840637547
  }
}