{
  "기본준비": {
    "min": 745.2852718171453,
    "p10": 937.4292019239169,
    "p25": 1063.2317492624047,
    "p50": 1284.475607610353,
    "p75": 1533.3592368103175,
    "p90": 1891.5871025934994,
    "max": 4938.136985706447
  },
  "앞굽이하고 아래막고 지르기": {
    "min": 2938.86236847905,
    "p10": 3494.9024085912542,
    "p25": 3767.0688269798916,
    "p50": 4064.081352833782,
    "p75": 4392.268717199414,
    "p90": 4797.104136786299,
    "max": 5513.849937856151
  },
  "앞굽이하고 아래막기": {
    "min": 1009.4301272466789,
    "p10": 1251.6816063764409,
    "p25": 1391.9964570649463,
    "p50": 1576.5664597836958,
    "p75": 1857.9014589012436,
    "p90": 2095.1254698659086,
    "max": 2750.6592302911004
  },
  "앞굽이하고 지르기": {
    "min": 1130.0929303251828,
    "p10": 1437.134636047744,
    "p25": 1564.2316983238272,
    "p50": 1855.4089792677887,
    "p75": 2273.21427766357,
    "p90": 2563.277008951642,
    "max": 3399.3867667140084
  },
  "앞서고 아래막기": {
    "min": 1950.6806572017222,
    "p10": 2558.697878074423,
    "p25": 2727.5757165245795,
    "p50": 3049.260583456747,
    "p75": 3321.5691409045885,
    "p90": 3590.4685396750615,
    "max": 4368.197136450075
  },
  "앞서고 안막기": {
    "min": 1643.6262091886324,
    "p10": 2017.5556620324794,
    "p25": 2216.1660590133733,
    "p50": 2437.5335506198053,
    "p75": 2699.083658457369,
    "p90": 3023.1554736803237,
    "max": 3882.7755999565647
  },
  "앞서고 얼굴막기": {
    "min": 4355.98127174838,
    "p10": 4889.408403714307,
    "p25": 5180.329995708562,
    "p50": 5691.836355928594,
    "p75": 6357.81742447442,
    "p90": 6718.787489953306,
    "max": 7287.921992558439
  },
  "앞서고 지르기": {
    "min": 2560.616843411074,
    "p10": 3022.805497975703,
    "p25": 3247.137548546733,
    "p50": 3551.3103259820223,
    "p75": 3944.5244393183334,
    "p90": 4252.377477233531,
    "max": 5002.860806992934
  },
  "앞차고 앞서고 지르기": {
    "min": 2678.6006346800245,
    "p10": 3091.268557323923,
    "p25": 3358.9118938910487,
    "p50": 3701.299019148203,
    "p75": 4078.84980341849,
    "p90": 4345.096211212484,
    "max": 4902.340883639413
  }
}