{
  "\uae30\ubcf8\uc900\ube44": {
    "min": 0.007436319720000029,
    "p10": 0.008362577576190234,
    "p25": 0.008974617347121239,
    "p50": 0.010185090824961662,
    "p75": 0.011922810459509492,
    "p90": 0.014375459216535096,
    "max": 0.05331508442759514
  },
  "\uc55e\uad7d\uc774\ud558\uace0 \uc544\ub798\ub9c9\uace0 \uc9c0\ub974\uae30": {
    "min": 0.016368340700864792,
    "p10": 0.021734834648668766,
    "p25": 0.023950016126036644,
    "p50": 0.027596397325396538,
    "p75": 0.031631482765078545,
    "p90": 0.03444587029516697,
    "max": 0.05172370374202728
  },
  "\uc55e\uad7d\uc774\ud558\uace0 \uc544\ub798\ub9c9\uae30": {
    "min": 0.010935821570456028,
    "p10": 0.011958015337586402,
    "p25": 0.012501664226874709,
    "p50": 0.013928373344242573,
    "p75": 0.01648291666060686,
    "p90": 0.017748439311981203,
    "max": 0.02363680489361286
  },
  "\uc55e\uad7d\uc774\ud558\uace0 \uc9c0\ub974\uae30": {
    "min": 0.017579445615410805,
    "p10": 0.020333515480160713,
    "p25": 0.02206248603761196,
    "p50": 0.024203762412071228,
    "p75": 0.026993386447429657,
    "p90": 0.028996609523892405,
    "max": 0.03570668399333954
  },
  "\uc55e\uc11c\uace0 \uc544\ub798\ub9c9\uae30": {
    "min": 0.006955758668482304,
    "p10": 0.009449484292417765,
    "p25": 0.011258611688390374,
    "p50": 0.013238213956356049,
    "p75": 0.016541169490665197,
    "p90": 0.01961920745670796,
    "max": 0.030239341780543327
  },
  "\uc55e\uc11c\uace0 \uc548\ub9c9\uae30": {
    "min": 0.015344643034040928,
    "p10": 0.01852347943931818,
    "p25": 0.019785177893936634,
    "p50": 0.021489517763257027,
    "p75": 0.023638433311134577,
    "p90": 0.02618122845888138,
    "max": 0.03362015262246132
  },
  "\uc55e\uc11c\uace0 \uc5bc\uad74\ub9c9\uae30": {
    "min": 0.02847915329039097,
    "p10": 0.03432229906320572,
    "p25": 0.03672390803694725,
    "p50": 0.042605750262737274,
    "p75": 0.05250047147274017,
    "p90": 0.05767617449164391,
    "max": 0.06782457232475281
  },
  "\uc55e\uc11c\uace0 \uc9c0\ub974\uae30": {
    "min": 0.010329547338187695,
    "p10": 0.01293554250150919,
    "p25": 0.014875031309202313,
    "p50": 0.017413259483873844,
    "p75": 0.020780269522219896,
    "p90": 0.024290138855576515,
    "max": 0.04034397006034851
  },
  "\uc55e\ucc28\uace0 \uc55e\uc11c\uace0 \uc9c0\ub974\uae30": {
    "min": 0.022059176117181778,
    "p10": 0.02760426215827465,
    "p25": 0.029493215959519148,
    "p50": 0.033372074365615845,
    "p75": 0.03735863883048296,
    "p90": 0.04308399744331837,
    "max": 0.054547883570194244
  }
}