{
  "\uae30\ubcf8\uc900\ube44": {
    "min": 0.00016618473455309868,
    "p10": 0.000563373847398907,
    "p25": 0.001197570760268718,
    "p50": 0.0025881531182676554,
    "p75": 0.004841930465772748,
    "p90": 0.008917430881410837,
    "max": 0.052291832864284515
  },
  "\uc55e\uad7d\uc774\ud558\uace0 \uc544\ub798\ub9c9\uace0 \uc9c0\ub974\uae30": {
    "min": 0.006301688030362129,
    "p10": 0.01060328558087349,
    "p25": 0.01411551283672452,
    "p50": 0.020061119459569454,
    "p75": 0.03031917428597808,
    "p90": 0.04328239597380162,
    "max": 0.07549027353525162
  },
  "\uc55e\uad7d\uc774\ud558\uace0 \uc544\ub798\ub9c9\uae30": {
    "min": 0.0018022273434326053,
    "p10": 0.004047482460737229,
    "p25": 0.0053945742547512054,
    "p50": 0.009495706763118505,
    "p75": 0.016601836774498224,
    "p90": 0.02395819239318371,
    "max": 0.09517654776573181
  },
  "\uc55e\uad7d\uc774\ud558\uace0 \uc9c0\ub974\uae30": {
    "min": 0.001763278036378324,
    "p10": 0.00694693187251687,
    "p25": 0.0108573529869318,
    "p50": 0.017286934889853,
    "p75": 0.022396580316126347,
    "p90": 0.02779229655861855,
    "max": 0.04383093863725662
  },
  "\uc55e\uc11c\uace0 \uc544\ub798\ub9c9\uae30": {
    "min": 0.0002144736354239285,
    "p10": 0.0006960168306250126,
    "p25": 0.0009690860315458849,
    "p50": 0.0013487953692674637,
    "p75": 0.0023027226561680436,
    "p90": 0.0037564336322247985,
    "max": 0.03456462547183037
  },
  "\uc55e\uc11c\uace0 \uc548\ub9c9\uae30": {
    "min": 0.0005406925338320434,
    "p10": 0.0014345464878715575,
    "p25": 0.0021214938606135547,
    "p50": 0.003769047325477004,
    "p75": 0.0061472837114706635,
    "p90": 0.010837962292134767,
    "max": 0.05439170449972153
  },
  "\uc55e\uc11c\uace0 \uc5bc\uad74\ub9c9\uae30": {
    "min": 0.00047839179751463234,
    "p10": 0.0010277020512148738,
    "p25": 0.0017627271881792694,
    "p50": 0.0026363639626652002,
    "p75": 0.003985236049629748,
    "p90": 0.006663388991728426,
    "max": 0.022528406232595444
  },
  "\uc55e\uc11c\uace0 \uc9c0\ub974\uae30": {
    "min": 0.0008933169883675873,
    "p10": 0.00837615253403783,
    "p25": 0.013491006568074226,
    "p50": 0.018644708208739758,
    "p75": 0.024947399273514748,
    "p90": 0.030940007418394092,
    "max": 0.0705883726477623
  },
  "\uc55e\ucc28\uace0 \uc55e\uc11c\uace0 \uc9c0\ub974\uae30": {
    "min": 0.0005483109853230417,
    "p10": 0.0018785842461511494,
    "p25": 0.002787006611470133,
    "p50": 0.004991294117644429,
    "p75": 0.008758159587159753,
    "p90": 0.012922240607440483,
    "max": 0.03978502377867699
  }
}